{"cameraMode":{"drawMode":0,"name":"Shaded","section":"Shading Mode"},"sceneLighting":false,"audioPlay":false,"sceneViewState":{"showFog":true,"showMaterialUpdate":false,"showSkybox":false,"showFlares":true,"showImageEffects":true,"showParticleSystems":true},"in2DMode":false,"pivot":{"x":-9.355918884277344,"y":5.632305145263672,"z":9.505131721496582},"rotation":{"x":0.053042810410261157,"y":-0.18465986847877503,"z":0.009981355629861355,"w":0.9813194274902344},"size":13.145733833312989,"orthographic":false}