{"cameraMode":{"drawMode":0,"name":"Shaded","section":"Shading Mode"},"sceneLighting":true,"audioPlay":false,"sceneViewState":{"showFog":true,"showMaterialUpdate":false,"showSkybox":true,"showFlares":true,"showImageEffects":true,"showParticleSystems":true},"in2DMode":false,"pivot":{"x":-32.4520263671875,"y":4.9151105880737309,"z":10.834388732910157},"rotation":{"x":0.04535754770040512,"y":-0.45585548877716067,"z":0.023268820717930795,"w":0.8885926604270935},"size":22.374027252197267,"orthographic":false}